bond_id,coupon,collat_coupon,wal,wala,prepayment_speed,oas,convexity,spread_to_treasury
BOND_1,2.5,2.25,2.1331184414929574,89,24.455667413549563,172.48806810176657,1.204221963079108,1.6624830905819126
BOND_2,3.25,3.0,9.112704122572943,30,17.34387714383533,123.83283517696384,0.09174318928494118,0.6731672651341427
BOND_3,3.25,3.0,4.370999698453659,4,21.947716428849674,70.33104857437618,0.783934244109366,2.2364770898184076
BOND_4,2.75,3.25,14.8913663415238,10,14.457906715110685,92.07459236651289,0.70504105220513,0.7567237382105614
BOND_5,2.25,3.25,8.216156513023902,84,17.450431628643734,77.36441226634412,1.4642768141155003,1.3766073049774836
BOND_6,2.0,3.0,6.027320486139833,71,21.821157229809966,135.44201131366418,-0.9433359238716825,0.7623469897224486
BOND_7,2.5,3.0,13.7842703996393,25,24.656000893306164,148.3108236460832,1.3950047973882564,1.7922432699777784
BOND_8,2.25,2.75,9.690446478665253,59,8.695945670636595,100.39019944918387,1.3724551046603004,1.975710519951918
BOND_9,2.0,2.0,2.779103468340405,45,22.974932409843937,55.9273707444693,0.5691531259115492,2.3944648603999976
BOND_10,3.0,2.0,7.969486391173052,11,18.34543798706278,148.8106417016491,-0.01240243791472695,1.005207936769886
BOND_11,2.25,3.25,7.175108110674421,106,23.93722280419355,59.29396496949444,2.357005310020807,1.232594563625984
BOND_12,3.0,3.25,11.711848957715372,12,11.362136128317527,194.85102474547153,0.3791336866514845,1.273436111770877
BOND_13,3.0,3.25,10.712887403830324,73,9.851878810666626,183.09166137155302,0.24691769627847115,0.694002090801064
BOND_14,2.25,2.75,6.191078472034263,115,12.310469228283203,174.63224145185853,0.8526678588562904,2.115814065088405
BOND_15,2.25,2.25,7.572710493684939,92,22.689986108781646,105.13144394293879,0.11195943321466029,0.6654171975678211
BOND_16,2.5,2.5,8.263032888631438,7,14.192653991151934,161.7489350732274,2.32305336991409,1.1770891726522075
BOND_17,3.0,3.0,6.914453038832519,41,24.02951359057955,56.87789783290756,1.2597923700360298,0.8807679244548243
BOND_18,2.25,3.0,2.508099236446805,116,9.846801891668067,63.44520365174084,2.0175164532217478,1.8287593995122793
BOND_19,3.0,2.75,13.676242316582199,101,9.410843563790772,124.18192287212949,1.9815290589774857,2.311140070116693
BOND_20,2.75,3.0,10.415839878122537,64,18.568113603159368,138.01480373057376,2.1528292399901665,1.9929691115460153
BOND_21,2.75,2.75,7.576083481868359,8,10.833267116732157,165.04260675663184,2.4768233977067986,2.0490368950076125
BOND_22,2.75,2.5,8.97421724148801,3,7.583096802220619,94.65713745275241,2.6778558493113342,0.6570055743187857
BOND_23,3.0,2.0,3.9842906417125254,96,12.518766604425622,131.39074310066417,0.5344362465039918,1.97792208565129
BOND_24,3.0,3.0,8.427788658900125,54,10.323315422938734,59.381386380961885,0.7748700450639405,0.6250610891589361
BOND_25,2.25,2.25,11.444388887755423,105,13.259627497687571,120.63016192325598,-0.7997644196022047,1.4684136292746843
BOND_26,2.25,2.75,8.471441103189164,115,8.730219918171242,150.68906719259664,2.7028255104412215,1.883889202217346
BOND_27,2.5,3.25,7.729315217192687,84,24.139658010565807,198.44623889356762,1.348580838417956,1.0094694038381877
BOND_28,2.5,2.5,7.473399386893149,70,21.03297904977619,165.19405821720449,1.8492579132390006,1.8651363589873766
BOND_29,2.5,2.25,11.66271910503378,54,21.818025284509638,199.32225860667646,0.7440210189492005,2.261061443310844
BOND_30,3.25,2.0,11.546755374222554,95,10.955825822374383,124.68734436222235,0.895391677968095,2.2559310874481784
BOND_31,2.0,2.25,11.500983191202886,56,22.135173983228988,114.94284617404054,1.1727058097750849,0.8842076523874403
BOND_32,2.75,2.75,4.446379970771046,56,16.815678506435866,175.1309542173937,2.1814271196717954,1.0490310614351146
BOND_33,3.0,3.0,9.650529550113303,38,6.134626736666604,119.35776449375138,1.4518743639840057,1.8320754884396797
BOND_34,3.25,2.0,11.904702382137152,27,8.065228766288612,163.42071752922212,2.244841295740534,2.1826312069740075
BOND_35,2.75,2.75,8.866519771091642,25,13.919251705854649,199.17545912044443,-0.13325584968712656,1.4104373848162373
BOND_36,3.0,2.5,11.905682878089232,120,12.875699467981796,158.6893866297798,-0.17664457968658942,2.3443999843540135
BOND_37,3.25,2.25,12.96164757645937,100,20.905570664843296,52.14542834668017,-0.1727456102578815,1.6492290930011566
BOND_38,2.0,2.25,3.4344608338479183,97,22.47338821861487,77.042501746658,-0.9806246116491821,1.0238951165631167
BOND_39,3.0,2.0,5.2887715577402705,72,22.298609471707337,91.4402069079078,-0.28374541737703574,0.5399319094872153
BOND_40,2.5,2.0,9.418335015363875,69,12.50578235025015,173.32032097031333,-0.5250123475807515,2.1147175896924084
BOND_41,3.25,2.5,5.055497408853841,21,17.715491062217083,189.81999304619438,0.8150174409213924,0.6856082956503575
BOND_42,2.75,2.5,14.179395288792131,72,14.941824905988902,147.45464404869983,-0.4910371451555622,0.6568859601458041
BOND_43,2.75,2.0,3.7178793590468913,110,22.778385004268888,63.20557558063798,0.6634067294668506,2.0542666193256567
BOND_44,2.75,2.75,5.997271690457005,44,22.77943829757228,124.9286597446821,2.9980124609816428,0.5632994792120465
BOND_45,2.0,2.75,14.92028823595429,14,6.077444984421714,178.85635774866924,1.0134682175580836,2.1855201638553075
BOND_46,3.25,2.0,3.648544445020559,64,16.44280298885164,104.327847120813,2.698588680133867,1.6974492641647763
BOND_47,2.75,2.25,7.283447912807857,95,15.069325942959837,59.79105533859344,1.8076331029112884,1.7730907023724423
BOND_48,2.25,3.25,5.392952182410452,110,20.407843073115306,166.93710138386876,2.5772829207634023,2.3761021472700397
BOND_49,2.5,3.0,12.337188667689535,17,8.916161215048886,148.56795424621203,1.502322709819015,2.233382802738916
BOND_50,2.5,2.5,5.2580613536523435,10,18.899965997021816,120.04570186275768,2.2403781750380274,0.6519908020141691
BOND_51,3.0,2.75,3.260005363586797,98,19.772194021375242,177.47091936539584,0.21120145053911177,2.2059711176181866
BOND_52,2.0,3.0,14.063891825085083,96,5.534920310710985,177.45684320092468,0.4876356353092324,1.8342900651538563
BOND_53,3.0,2.25,5.443633266542059,3,13.625366060985936,155.14392032644002,2.8410392370489697,1.1335465569259555
BOND_54,3.0,2.5,11.384465427918249,33,24.57893100342996,191.3477453561728,0.07013517421878523,2.206721536580961
BOND_55,2.5,2.75,5.067948153504877,47,11.012090263620145,118.09160603082933,0.6854880711157905,0.546597562485025
BOND_56,3.25,2.75,3.500142840739243,82,22.69064393023863,159.33933491490689,1.6046351826934417,2.1750876624306237
BOND_57,3.25,2.25,12.23377055591697,47,16.73780027256857,174.60226609819674,0.5696127779373179,1.7403818354789202
BOND_58,2.25,2.25,1.778147822245171,75,10.930885784540305,145.3391617895665,-0.9162198566652751,1.0223356094154976
BOND_59,2.0,2.75,5.647619998497511,39,21.719741693794038,132.9665473943033,2.168921600387231,0.5119141874071074
BOND_60,2.0,2.75,11.921143346144742,58,24.813234167173956,159.7997410547531,0.3425962961933564,1.5426503599756398
BOND_61,2.0,3.0,8.169925302309775,99,19.840116501381814,103.17579274390502,-0.08934087594517193,1.3445127512349022
BOND_62,2.25,2.25,10.654033445628663,47,6.225878435198222,104.96454206781146,1.0222628330205525,2.2250955383565634
BOND_63,2.0,3.25,1.9354367011105842,40,6.04821202567053,196.49199793652227,-0.9662698459746335,2.0758308501481917
BOND_64,2.75,2.25,11.497339873518742,21,14.831110787833254,67.8256576039876,2.4555727130644334,1.6793157936052323
BOND_65,2.25,3.0,3.4071656783899376,110,5.121338530550565,176.29958949371894,0.04539984533159114,0.801698077626513
BOND_66,3.0,2.25,12.321856506069972,63,18.518968794493162,168.3118878700358,2.6909872422924717,1.9522480156222146
BOND_67,2.75,2.0,8.898446082775745,75,5.326046478029163,58.12404314179169,1.711026975075574,1.6872448402745757
BOND_68,3.25,2.5,11.348265452605672,48,24.46130122065362,155.52535643622298,1.1945953070668835,0.5450866844553053
BOND_69,3.0,2.0,3.979657681213405,117,22.612649645788466,64.08251540468459,2.2250217176313583,2.023614014565483
BOND_70,2.0,3.25,6.53595709014297,54,21.307567222845456,81.57519887314915,2.973025892602368,2.1634410456946496
BOND_71,2.25,2.25,12.228970654370839,91,21.248243258692263,193.73212965467414,0.004836050193631092,2.0489881813351642
BOND_72,3.25,3.0,13.75126292025633,14,21.687501747130757,104.32258222105526,0.42038444932668906,0.8526610981368097
BOND_73,2.75,2.75,4.172010734156393,3,13.68511962080093,58.52027258847214,0.9376982026293312,1.505001121556529
BOND_74,2.25,2.25,12.10751123957739,7,20.837133177878577,128.179717213593,1.1579106013108618,1.5545632441183768
BOND_75,2.25,2.75,2.519772497087345,94,12.343006253172192,80.96201305185254,1.2118824936794206,2.368708887961963
BOND_76,3.25,2.5,6.960481261293825,59,21.9677272684497,113.94937929822416,1.1958900193857187,2.3512077511833445
BOND_77,2.25,2.0,14.142075331187677,89,17.35932421587269,65.2486953695207,2.312966468026715,0.6245588784509126
BOND_78,3.0,2.5,14.231910799625057,2,12.166900499607713,64.39533344298579,0.6184025531299988,2.498394430014671
BOND_79,2.25,2.75,5.153550828551981,102,19.90946331492068,125.62144999494501,-0.9561151699869175,2.073379972086295
BOND_80,2.0,2.5,3.7007876921469145,6,9.856485694418861,100.38159153025195,2.502774612752019,1.2510632473048593
BOND_81,2.75,2.75,3.092809186489477,78,24.29327877550674,73.29054802546358,1.6490087447344548,1.9865650069916354
BOND_82,2.5,2.0,7.732253549993448,83,18.29490312509523,137.05565470554708,-0.2420738922290253,1.2533001825118997
BOND_83,2.25,2.75,2.2890755670258605,16,13.02404156697962,59.32881849757261,-0.8815964165897858,2.3725584715975527
BOND_84,2.75,2.0,5.995942734371552,95,16.014563680779247,162.9108254584005,0.26311942906871444,1.2562263596627166
BOND_85,3.0,2.25,1.2381556323320095,9,19.751363012823717,57.70071925747979,-0.5022090643937345,2.032196631049358
BOND_86,3.0,2.75,4.631573553779758,79,20.946442969279268,195.55565732642367,2.5873020095830404,0.8105484527400411
BOND_87,2.25,2.5,13.603876626540261,111,24.499173947246508,160.343707894535,0.11146538228722402,2.204635213707073
BOND_88,3.25,3.0,7.257697506660541,25,9.179148802861599,184.58190239362384,1.8226643613972016,1.7408877478267906
BOND_89,3.25,2.5,2.032436240260309,21,15.088773542114245,115.99236248907994,1.631956651438018,2.115201191662549
BOND_90,2.25,3.25,10.055715030052587,14,6.829154062735176,58.71215596405977,1.85589973109747,1.3359187814197746
BOND_91,3.25,3.0,14.378869849676306,57,6.6454824949918905,84.4160159324095,1.120169034961859,1.1926300595449817
BOND_92,2.0,2.5,7.487706747279358,59,7.086652528368647,195.66424478975156,1.9187231172328363,1.5652440860144834
BOND_93,2.5,2.75,9.740030047107973,75,10.19007504202309,142.83373733504814,1.049568427499724,1.2763777657038946
BOND_94,3.25,2.25,13.87185209558588,38,18.92669128781644,84.1807494236902,0.5104286544295467,1.5282952920169135
BOND_95,2.25,3.25,6.867391934543452,2,22.222692846168194,122.42263790726273,2.433764635598697,1.361293153654128
BOND_96,2.25,2.75,10.304215280889006,59,13.71991236056746,97.61620419748144,0.8349048090518849,0.8932867999918508
BOND_97,2.0,2.0,7.16985983989318,52,16.104064751273313,123.45766168741173,1.2721483438289507,2.4532579018954452
BOND_98,3.0,2.25,14.469833671359726,23,9.127340032779552,175.49362317344855,0.8600213324696009,0.5321706804611435
BOND_99,3.25,3.25,8.053222021610123,54,20.821624180894602,83.38332362421207,2.1019946461830896,2.351294826284182
BOND_100,2.5,2.75,13.39914052663203,1,22.76708226184345,109.86320496054468,1.159016154413635,2.154787929385412
BOND_101,3.0,2.25,8.100778978230057,67,14.711936359135384,116.91349765895686,0.8831163181923491,1.3418068978368425
BOND_102,2.25,2.0,10.357405159129055,22,8.217485481009836,138.05801466499318,0.03130142864895502,1.1441940155901222
BOND_103,2.5,3.25,6.405980820681208,58,5.102033084714974,61.659276135482806,2.646166975483142,0.8293728704328396
BOND_104,2.25,3.0,13.845770934167144,56,15.728223120269217,81.05173793044565,2.452680829296636,0.7661195661702571
BOND_105,2.0,3.25,10.057190057837513,86,14.952716663757975,109.67490281752248,0.725974642209398,1.601837296962395
BOND_106,2.0,2.25,1.2787726183700865,71,23.516172860178116,171.4011073593387,1.6388776226514516,0.7108534070942658
BOND_107,3.0,2.25,1.2189764292273577,41,5.729686030873817,78.02631423092245,1.0324525481376758,1.4529427194868845
BOND_108,2.75,2.0,10.46648525751228,107,7.979030545118285,182.22856857938848,-0.29526651036541285,2.1294207585512877
BOND_109,3.0,3.25,2.5997640717478285,11,8.953731734188564,100.87460142753989,0.5041165146111837,2.01403655893795
BOND_110,2.5,2.75,11.026301777798132,72,15.942492552403099,88.07590217012176,2.4128708371228123,0.7650237725174893
BOND_111,2.0,3.0,5.508234916980464,74,10.694724406122463,111.4073447114009,2.189752199133694,2.422152088155046
BOND_112,3.0,2.25,8.54487549328158,108,9.11358038673068,133.05616124854205,-0.5900348327426426,1.0723397761361138
BOND_113,2.0,2.25,3.441594225470496,94,15.28830931145848,160.09612310343573,-0.6987146040849104,1.9113811942764485
BOND_114,2.75,2.25,4.447105177665022,0,5.813063901692761,121.54130422164566,2.414066966467351,1.1009932175484596
BOND_115,3.0,2.25,7.116848518823937,98,24.50484764832676,172.70044549467724,2.5972328204780313,1.7348523152987112
BOND_116,2.0,3.25,10.316686081108518,53,22.220372338708817,172.8114369321792,0.17693257935937057,1.6449773154261942
BOND_117,2.25,2.0,3.1802429129261736,119,10.439226637461452,50.26099239312385,0.39714609416002666,0.8566319660473372
BOND_118,3.25,2.25,4.937963901013042,42,11.723403599123653,168.73746444962,0.3432112266181342,1.8051178958424885
BOND_119,2.75,3.0,3.897473626472609,61,9.917963585455947,116.4130352855956,-0.492126473862617,1.1520121564479304
BOND_120,3.25,2.0,13.077440322926336,14,23.567981101847284,195.06308347747333,1.980042429166307,1.7223009905110163
BOND_121,2.25,3.25,10.072090908474895,6,18.063943440104843,173.03397252972456,0.48034401100261137,1.5827544403249232
BOND_122,3.25,2.25,7.558940316012955,27,15.423576166454529,107.601071659121,2.344908600582885,2.1853049563038236
BOND_123,2.5,3.25,14.257202759027964,111,15.171992270844006,145.19492628654694,2.514077007417148,0.9271843100907868
BOND_124,2.75,3.0,11.301568135503413,5,8.318412708610083,79.13656622147809,2.6511737703946814,0.8028246727703001
BOND_125,2.0,2.5,14.051165591519156,19,24.25292963774037,93.55241774158442,2.271768452253894,2.2097962036907592
BOND_126,2.25,2.5,9.366301443160538,87,23.291948765377917,80.31581466002504,2.1556429167903697,1.389091248894563
BOND_127,2.5,3.0,2.932796758076929,41,24.048421061491723,162.67344698965448,0.7979517523367683,2.0636861630486885
BOND_128,2.25,2.25,10.455979490233126,99,10.81864414351916,51.23240285067839,-0.8922101162439624,2.419145353888147
BOND_129,2.75,2.25,3.8208762491959236,37,14.53297054832452,111.09096593125093,-0.551749536584722,1.5886543152338244
BOND_130,3.25,2.0,5.843560283348302,61,15.37852333946745,175.6348997428666,1.1235014256140152,1.1013593040195262
BOND_131,2.25,2.25,8.13465107338063,75,14.79349354037147,156.36200410717674,0.4401021339881166,2.088458666070238
BOND_132,2.25,2.0,3.20312374886381,2,5.383789890596258,113.2631618490503,2.316327122607881,2.3618866909325202
BOND_133,3.0,2.25,1.2909393598922763,27,21.66298594197491,144.95650229298712,1.2525595618050014,0.9902982887691842
BOND_134,2.0,3.25,5.579203158189776,11,19.93091021711485,114.76968443971421,-0.6046655530647267,1.8766894256632176
BOND_135,2.25,2.75,12.540420767238327,118,14.495964089482914,176.60112739619518,0.9141243854973662,2.061168215157156
BOND_136,3.0,2.75,1.2153194569158097,79,10.348038653688187,135.89024048875888,2.2878523217059774,0.5531247851397783
BOND_137,3.25,3.0,2.5320750647245887,43,17.69953826305576,144.89272108773005,2.452324640055155,1.6845363530384028
BOND_138,2.0,3.25,12.295967994314054,14,7.765841943918412,198.29318498384566,-0.3357707893354611,1.766330746055289
BOND_139,2.75,2.75,5.281923841300339,117,24.945554239952987,165.5160949499765,-0.5988009865401218,1.7730826749967283
BOND_140,2.75,2.5,14.134989202733756,54,7.506800704111686,92.89392421506761,0.5479623439066894,0.6682140690144607
BOND_141,3.0,2.5,6.3234180018921755,94,6.169088219881596,165.94611902137567,-0.7379382177207892,0.5433762569453788
BOND_142,3.0,2.0,12.15385500718229,116,17.24817469234114,189.27301225525596,1.9054380435644318,1.0873871550078227
BOND_143,2.75,2.5,4.623057777670165,84,14.268231447466945,94.26144160194497,0.7901307671840994,1.2156649034983862
BOND_144,2.5,2.25,1.8656373378170976,81,19.380009910549795,172.59490265290523,-0.20710897898019276,0.7892476115805005
BOND_145,3.25,2.0,13.341762799999515,47,7.5593449612881125,85.67321533670525,-0.5901242745067505,1.5191728886149987
BOND_146,2.0,3.25,13.982150659094058,5,12.274914325653906,115.1050107522629,2.7094082781575435,0.955091673618228
BOND_147,2.0,2.75,10.913395211849055,63,15.020667242641725,153.5259389964981,-0.8277606560271451,1.1750629489696687
BOND_148,3.0,2.75,11.780949530346035,80,13.939825742268344,86.52912923216334,-0.6084864301288699,1.0856474584048619
BOND_149,3.25,2.5,1.09978668128661,86,16.660671294980588,78.09429442261688,-0.06305520347205285,2.0440629073133394
BOND_150,2.0,2.5,11.553529247237282,34,7.0350033311978954,119.38154873083799,-0.6213184382573123,2.25415028027376
BOND_151,2.5,2.25,7.610749416443577,81,15.074492519081959,167.48022984348358,1.577136746981735,1.096945184789939
BOND_152,2.0,2.75,7.33906636459961,10,16.095337128943825,139.37948219332844,-0.1271242904458041,1.2532985644683077
BOND_153,3.0,2.5,8.560978886585897,22,22.620442939543132,155.18218983400897,0.9197201661398551,2.1305466439724654
BOND_154,2.25,2.75,4.796943026933691,56,16.421523706702814,153.39156823817478,2.4409725370497455,2.0181992752728863
BOND_155,2.25,2.75,10.74803976735263,80,15.945910300614301,131.67483840611146,2.2990881653073556,1.9175873315942245
BOND_156,3.0,2.5,5.138244208378109,69,21.241556363316672,97.34152634541036,-0.41502435433789087,1.9157148828683908
BOND_157,2.25,2.75,8.820492931543322,87,6.299950083542367,113.2566837875719,-0.6450748372274688,1.0943578497822808
BOND_158,3.25,2.5,2.9169812033614892,113,17.95924318503461,107.0930709400838,1.6570050584188372,2.3730577433615307
BOND_159,2.0,3.0,10.451058891635213,36,21.236088811413193,61.860456843367594,-0.15877924957402456,2.118388205411052
BOND_160,3.0,2.5,3.6545787037695163,62,6.891914217942339,184.7693391649384,2.1258094451460927,0.9238634787160493
BOND_161,3.0,2.75,3.3857958004732023,79,21.231449294889497,146.27824165509287,0.7379544114604748,1.82430299461823
BOND_162,3.0,3.0,1.3399642731711334,92,20.74311854124192,178.5783497822308,-0.3819207419376811,0.8097864084538797
BOND_163,2.25,2.75,2.705000860777405,28,5.018862581307227,166.40906993924062,2.8968648542890167,1.6552705449812737
BOND_164,2.75,2.75,4.255983431105059,115,9.923142398006162,60.24429297452603,-0.7775432047250872,1.0781951035367903
BOND_165,2.25,3.0,4.112331049651965,41,8.025164353931032,82.44605663606114,-0.5028228614479775,0.7104925106315441
BOND_166,3.0,3.25,5.587400009896655,27,15.226756773881311,192.6101957660501,2.248147903904927,1.7063515948792012
BOND_167,2.0,2.25,1.7618298530796777,15,23.280132155537245,119.28958114282602,0.8107409140999398,2.2685948738999877
BOND_168,3.25,3.0,14.092772259279066,66,17.054128777468964,171.79104445177757,2.752206949254875,0.7814214813722895
BOND_169,2.75,3.25,2.668462310867586,105,17.036059942080975,136.32151013151332,-0.5480442918039397,2.2981290145856876
BOND_170,3.0,3.25,10.82749430546807,87,7.456972721627347,173.53428243459254,-0.372065108460764,0.7556270822070323
BOND_171,3.25,2.75,8.49102437789348,17,18.32758620672182,160.19123188513623,-0.9927021794494428,1.983755493256818
BOND_172,2.25,2.75,8.739043268798026,47,22.76641158292055,91.9597167399742,-0.13153703796137428,2.4791964198270646
BOND_173,2.5,2.25,2.4772355572907303,16,13.586952569099564,198.6821805161333,1.629042228452866,0.6873600059428908
BOND_174,3.0,3.0,4.4050091902604365,112,18.635358267020827,123.57814403745755,1.8933217698012261,0.9253426629177239
BOND_175,2.0,2.5,11.918338122559824,73,10.8986222731446,137.7491229364469,0.7197579892197941,1.4271109139837181
BOND_176,2.5,2.75,7.491610415797577,100,10.37798425629405,131.06525495745012,0.029432946874154542,1.9751940922612177
BOND_177,2.5,3.0,7.398949442018803,24,8.701860853259992,182.77730624610263,1.8653190339386052,2.295815906366376
BOND_178,2.25,2.0,8.642765143385882,99,9.830054687070724,91.98349124194021,-0.30956101950868664,1.958219063698066
BOND_179,2.25,2.75,7.073282439129251,110,11.855169142697552,59.25686477963404,2.0683436075428796,2.04244173617415
BOND_180,3.25,2.5,12.285903034860107,47,16.334561794642404,114.21392040339974,2.146358719824874,1.4042724240297082
BOND_181,2.75,2.75,11.48187277044197,86,20.613092921418808,187.74782305267314,0.7642966626702372,1.2116309918405372
BOND_182,3.0,3.25,5.43805903605651,49,10.791262877353365,115.89686168508241,-0.22557001671855614,1.5155282506315193
BOND_183,3.25,3.0,12.369135583703837,18,8.362232334519327,91.63422073106686,1.5194955846940075,1.7990516977546285
BOND_184,2.75,2.25,8.260490021790856,73,13.995254937749289,142.77439345203544,2.413817745346727,1.504684352050555
BOND_185,2.75,2.0,9.78831566531278,74,20.79029384286833,160.63215968298687,1.1180292588499516,2.080657621326763
BOND_186,2.5,2.5,13.126461646499418,40,12.786647418500863,119.4135057121419,0.8442717504547437,0.814148669383826
BOND_187,2.25,2.75,7.663905489435679,4,23.26548964722093,107.00415283587212,2.9168955628359754,1.2923756556881516
BOND_188,2.5,2.5,11.587645075740008,5,9.958293670953626,104.67566398611291,1.1497022437493483,0.6330188991698895
BOND_189,3.0,2.25,9.79322302747062,2,20.166277606303147,113.19688831017336,-0.8631343394691751,1.8428753273705578
BOND_190,2.75,2.0,6.974429178165691,44,14.355168865781485,176.40072501770317,1.0081999719043617,2.0140639634416173
BOND_191,2.75,2.5,12.046677129291336,101,7.142518190887765,122.38406913054115,0.7810854945390537,1.8347705506622185
BOND_192,3.0,3.0,2.4722276501830693,74,10.621446361500844,97.1534063842275,0.1684160020858516,2.4103103851693213
BOND_193,3.25,3.0,9.137083042314071,60,22.16446657584571,77.3472426485577,0.26941380231464107,2.364286042517615
BOND_194,2.75,2.5,1.6497506032143767,111,5.117764635820459,92.39242154190084,2.723301584091321,1.0408317118053756
BOND_195,2.25,2.0,3.186367788565426,106,20.126833742283928,119.4094700894483,-0.46561224730796047,0.9863457349118612
BOND_196,2.25,2.75,9.384230923755856,105,21.22813051969355,132.17209325062362,2.0561485662098757,0.5506462879180751
BOND_197,2.75,3.0,5.306493752392299,47,7.396749976295367,143.22339523689215,2.6096788948204916,1.5051363684202983
BOND_198,3.0,2.75,4.674649842448838,23,24.243789361788266,60.70691254780729,0.03793685209515596,2.2222397875646145
BOND_199,2.5,2.75,14.381741688972348,109,22.445814833050633,141.97563992414715,-0.732741542098311,0.8150135241362972
BOND_200,2.75,2.5,6.122678720442821,47,8.57062599738796,102.7989764472789,0.22858478923123426,1.686760958685088
BOND_201,2.0,3.0,8.906380583161289,25,9.829140239642015,88.54546790147248,0.7315252487190422,1.9407318706685215
BOND_202,2.25,2.5,8.479482797890162,48,21.369158238418574,99.65897326370245,2.8056971131283643,1.235373516384435
BOND_203,2.0,2.25,1.8682579239317667,89,15.927464439988455,167.669829409712,0.7205631604427074,1.9058891103303393
BOND_204,2.0,2.75,10.439860337047044,87,23.451359671254085,170.49320871435546,-0.6317725976703454,2.17463328226464
BOND_205,2.0,2.0,8.180618475392208,103,24.58282044748705,65.56368955756648,-0.4124452950713713,0.5210194554669745
BOND_206,2.75,3.25,6.339839635175659,54,11.868822825611344,124.20107118167743,0.41093123329987646,1.9704561523662572
BOND_207,2.75,2.75,1.9242354249276459,3,6.939440476045298,129.42476045215912,-0.2632486971212673,1.6996781330352344
BOND_208,2.0,2.0,5.102195789814003,48,19.070297740239912,54.532139923708264,-0.7577310576052834,2.189672393888946
BOND_209,2.75,2.5,13.37733526128399,73,23.46241406663311,157.55948444793307,-0.29896055431931945,0.7772114771303038
BOND_210,2.0,3.0,3.4319592263045675,97,8.29755857643337,105.0191027309783,-0.5780368486984773,2.114200694051319
BOND_211,2.0,2.75,4.070670956522693,43,24.70770951412783,112.6996584428955,-0.18920682439946024,0.7823605289874365
BOND_212,3.25,2.25,3.8741164349767994,28,8.917396502060459,141.48925480099894,2.985817250627572,1.6697637423003722
BOND_213,2.5,2.75,13.47126746959567,25,6.725511946174185,120.34106564167944,0.7816342324973271,1.04176915881106
BOND_214,3.25,2.0,10.799936758056575,82,14.913959581337423,162.19248570947,1.6343978659811524,0.9800145474612292
BOND_215,2.5,2.0,13.345802882767229,84,21.11145221584906,139.37879226305074,-0.3388723413044974,1.497480598498474
BOND_216,2.5,2.0,13.792450998275664,82,12.087503469111287,83.90523629970187,2.397166812423062,2.0146600365371947
BOND_217,3.0,3.0,13.991545492238457,60,11.636821776408649,180.57317522022885,0.06762451996873908,1.7904454933118785
BOND_218,2.25,2.25,7.800018579676625,39,8.942226329752197,82.36891653799975,2.9299620446337777,2.4771243911128207
BOND_219,2.75,2.25,7.667133914819881,101,24.721584025201633,157.0299122192856,2.346831317702546,0.7381218607901181
BOND_220,2.5,2.0,12.604919763594735,18,11.837307209397549,168.83139955045579,2.8034857804568607,1.9435186513981453
BOND_221,2.25,2.25,5.64697343812772,81,18.329412704776917,153.24232944945595,1.6732081117852995,0.6109405068625346
BOND_222,2.25,2.25,1.3109558132789312,13,7.64762067978884,113.27067513269668,1.6323671557047814,1.214905381634075
BOND_223,3.25,2.5,5.641668038214487,34,13.995134793734689,181.69294585582685,2.3643885255145594,1.1870030917587366
BOND_224,2.75,3.25,11.028904625674816,81,20.916498563005955,99.15495722113764,1.8614490361801956,1.0124267737641703
BOND_225,3.25,2.25,2.7305967225689702,91,24.40683449017915,153.0614396959455,1.4247549674196178,1.5648053454527642
BOND_226,3.0,3.25,11.98693201058473,18,8.546712021811535,181.64945908021156,0.4330753210057168,0.9872666708448825
BOND_227,2.0,2.0,12.416640444247486,88,6.893003966819977,73.3141889765287,-0.10853254737033513,1.2351440849817186
BOND_228,2.5,3.0,2.412773124480797,78,24.750068594462576,147.89528177575386,2.1289779168626564,2.218991094277917
BOND_229,3.0,3.25,2.369750010292046,111,16.08365608018853,185.1438851869117,0.5441995387901386,1.147433382290801
BOND_230,2.75,2.5,3.783370051461306,112,11.908417810097937,65.46219016187283,-0.7551804286591701,2.4719187058966074
BOND_231,3.0,2.25,5.989451505558782,2,24.20556817620376,71.86298838788845,0.9184883078436772,1.0520869853034993
BOND_232,3.25,2.5,8.458269960352705,86,12.803781985878162,106.73834321597647,1.6300466664581807,2.3060077239507035
BOND_233,2.25,2.75,7.797587972757503,49,9.640076706632712,199.14661508949106,-0.9078461338304114,1.3625512408975922
BOND_234,3.0,2.5,12.944358820688745,108,21.07007211382261,83.59036779002433,1.8204843040730352,2.3150568498715725
BOND_235,2.5,3.25,2.99124781907478,11,11.279289758039273,98.70803663119835,-0.10126792919704952,1.3535857889461955
BOND_236,3.0,2.5,10.76601811077997,95,11.439556186369504,175.2645090674337,-0.11057103004806779,2.040720968711584
BOND_237,3.0,2.5,8.684412193057554,114,13.899794495479455,69.61150362182609,1.2515260333288238,1.2999952085145143
BOND_238,2.25,2.25,11.315547524271107,53,18.859179976423643,199.43095689802055,0.3491768366943786,1.7418073399780556
BOND_239,3.25,2.5,5.787249975607454,91,21.835271765176802,160.82924958691183,0.8023349501844352,0.6029763212759769
BOND_240,3.0,3.25,7.59931480219029,97,9.523440976564022,193.87555324155983,1.0521701965888068,1.6980001915893348
BOND_241,2.25,3.0,1.4003018486049443,64,12.249751854377953,71.65969918140843,2.684092685593879,1.1318994873535198
BOND_242,2.5,2.25,2.6254827270777144,9,14.923372923934215,84.86559917076221,-0.18039772753845496,2.4925745509877126
BOND_243,2.5,2.0,6.2499385674656445,113,5.512215011087913,105.61622546917316,0.8572285090224501,2.1212441935651425
BOND_244,2.0,2.75,7.7375663756116975,26,18.94211124421916,57.65170276037526,2.143948284455619,0.6591476384208521
BOND_245,3.25,2.0,2.2004565029003826,75,16.31935339747315,59.10374663193961,-0.17933115774122088,0.896539021369325
BOND_246,2.0,2.25,12.54983548778228,108,7.671208302291794,185.57321318307285,-0.6704732482103832,1.7321479027458961
BOND_247,2.25,2.0,14.244733072670147,99,7.606558705704467,56.412239428905444,-0.9289419771617724,1.100855933158448
BOND_248,2.0,2.75,9.349564689852427,116,22.903643523371294,162.493954872375,-0.5850680053080719,0.9258069141917928
BOND_249,2.0,3.25,1.747626897033992,96,18.66622927386925,157.64635015481292,0.09836215496355605,1.211388634007289
BOND_250,2.75,3.25,11.343567139329357,67,12.76121224837568,60.922191227489066,0.6370257807960917,0.712412166141495
BOND_251,2.0,2.5,4.040291971999456,20,11.761626435510411,78.14536476472311,1.3750956401504277,1.608944729781413
BOND_252,3.25,2.0,11.271123689438681,19,11.337064845286648,118.22259586164883,-0.19963795761266434,1.066014608987162
BOND_253,3.0,3.25,7.0808442118778165,113,18.093192904859098,146.2485779559421,0.07878290576464808,2.2340197685558687
BOND_254,2.5,2.25,1.7479731874271802,16,8.574968503791778,184.3740272692234,1.7963217583982405,0.5655052186883067
BOND_255,2.0,3.0,4.902485148186253,115,24.748698654233017,129.02478440114777,2.6360317734520877,1.2018838361634376
BOND_256,2.25,2.75,6.978419441739868,45,18.741107414777357,190.4550161198628,-0.45794100903611357,1.599200796270363
BOND_257,2.75,2.0,11.307504783008334,33,7.5424015886212725,78.53832328938807,0.8900604864662593,0.9703274256652885
BOND_258,2.75,3.0,2.8629699456204243,77,7.760603027636694,143.4170028749646,0.18167156164201836,0.6147046342848226
BOND_259,2.5,2.75,5.018023482592008,9,17.965865714612534,176.6960652521505,1.11188102195224,0.6449114643606826
BOND_260,2.5,2.0,2.169521932654011,120,12.663485587480904,84.99869800669966,-0.5234754618625832,0.818646573172622
BOND_261,2.25,2.25,9.621297831572647,19,18.19915471744299,168.28180084333258,0.0841563012432256,1.0437818438859372
BOND_262,2.25,3.0,7.63980098498917,63,19.450337620050156,110.04338407515053,1.835447066380035,1.9114692072758948
BOND_263,3.25,3.25,14.00606923522254,61,15.75840114232982,199.94362616596987,2.2772398353136816,1.4492898821052995
BOND_264,3.25,3.0,11.367742044427821,98,10.131074535495326,63.732717876999445,1.4865817799714907,0.5658492517455425
BOND_265,2.25,2.0,11.890423075853452,78,16.023222393726495,132.99084629297363,2.7778358947273496,0.8100664586605402
BOND_266,2.75,2.0,3.301496054994511,38,13.437307697115804,167.45524862638888,1.6116020641184767,1.2358500976556628
BOND_267,2.75,2.25,4.73271528717766,90,22.806741203252002,151.42949636056832,1.9863723610856865,1.3395465048048492
BOND_268,2.25,2.25,8.183953607403197,61,19.804226488135708,125.83773927978027,0.42970882432152546,0.6262918793960208
BOND_269,2.0,2.5,1.1887830123763077,78,17.37968271052149,126.96634685719368,-0.3205269011742611,0.7421183876276809
BOND_270,3.25,2.0,13.1817940104355,82,5.7944584955616785,110.81443348842848,1.6315092376062799,1.02438317363262
BOND_271,2.0,2.25,11.888365347913911,89,24.80339226602027,101.3450637738024,2.6763474610897733,2.173309203138605
BOND_272,2.25,2.0,1.811155592733022,11,16.325428012126956,139.04998172237268,2.9276039981268003,0.9183981002181649
BOND_273,2.25,2.25,12.88647476762356,23,10.179552399637883,162.25511852643675,0.8001883533875387,0.9535893068529495
BOND_274,2.75,2.75,1.062833607454214,52,16.830513180112114,91.8905807442278,1.1588273678425725,1.489049693864079
BOND_275,2.0,2.25,2.5990704595346292,99,21.357919041306367,191.99283379620002,0.244860220438476,2.28293910001297
BOND_276,3.25,2.25,1.7751037414076623,32,15.771140332366848,104.72275983277605,1.6900591642864207,1.5563750539275696
BOND_277,2.5,2.75,7.708239045769905,68,20.537778448086357,115.09620651217236,2.0608831257069204,0.658715972821293
BOND_278,2.5,2.75,11.976696918864521,72,13.260754754525728,111.67100482997162,-0.8352138357795904,0.8728782905886641
BOND_279,3.0,3.25,3.499548265738861,103,16.799255727750044,66.7009663200499,2.3865152795785742,2.2116012913833165
BOND_280,3.25,2.5,11.80081045590156,77,13.445004942211007,67.38666115957743,1.0551932963287571,2.253515694924489
BOND_281,2.5,2.25,3.588946950248651,45,15.555928035126744,169.29064152991117,1.3188596921311708,2.0909069593336707
BOND_282,2.0,2.75,14.867508753527293,99,8.350197313733128,107.19849850828311,-0.1750954482830589,1.5836699025937866
BOND_283,2.75,2.5,12.948643480200863,88,16.972841322143346,82.39813936301236,-0.9587980352978627,1.3783016226660276
BOND_284,2.0,2.5,11.32061483352322,6,24.579023343879378,156.1550655913109,2.808813267474164,1.03644601583088
BOND_285,2.0,2.0,9.283637923281583,97,20.296330583616943,193.9611077763679,2.71360159767965,1.5955884301817718
BOND_286,2.5,2.75,4.395674757136023,42,11.400969492337222,190.5203604400476,2.0973607205589557,1.8656413573061554
BOND_287,2.25,3.0,2.6697467077519237,6,22.2772063536828,158.5110598785369,0.894389323131076,1.6985086293433023
BOND_288,3.0,2.75,7.44429452806801,94,22.914500473491763,78.74337486272358,0.2704840121430516,0.9511140471575912
BOND_289,2.5,2.75,6.637243559341197,115,8.536125589033182,73.11391163538855,-0.37568756970863015,2.3062091026568083
BOND_290,2.5,2.5,10.442732922373139,60,6.062677215829586,180.6509702173916,-0.6763183666440931,1.2808677231113261
BOND_291,2.5,3.25,3.3812565187615986,31,16.449518828997704,194.42213935984543,0.8292202974704255,2.269784949848124
BOND_292,3.0,2.75,8.869798538477687,84,14.517657725145945,143.34780581291736,2.168988922341894,1.2948968414051822
BOND_293,2.75,2.75,10.70690299810453,112,19.29372413865596,185.18819159457584,1.903688791377459,0.5769091530956818
BOND_294,3.25,3.25,5.185527621892548,58,10.861173768858212,172.23349180593982,2.023735950568442,1.9759081830931489
BOND_295,2.5,2.5,11.920199795147484,78,12.604238685184097,73.10191686660269,-0.5253993532695511,2.340278383151701
BOND_296,2.75,2.5,7.045800229298233,29,10.277045340769062,83.44544857173439,2.4509963822226184,1.0095202687904954
BOND_297,2.75,2.0,3.276835342287801,3,10.842749659137088,60.163877835561124,2.215889477073415,1.5849662748706828
BOND_298,2.0,2.0,3.7267806575533964,33,5.185747084932773,121.1085366899732,-0.6236448267864274,2.115237317466338
BOND_299,2.25,2.75,4.904577766647357,8,15.215110329060764,98.59223077942116,0.42613123545372256,1.1421705974291614
BOND_300,3.0,2.75,3.2137677710631216,59,14.463091768143446,113.90690375352594,0.5008968127914541,1.0723497315754806
BOND_301,2.25,3.25,8.880873934312767,75,12.117494845890862,51.29959285124171,1.9404463733616222,1.3221304065566974
BOND_302,2.75,2.25,14.287976438732375,93,15.80380667840286,158.18660215139653,2.4419335997516702,1.6011497243356652
BOND_303,2.75,3.0,13.545023109273341,23,12.835206213482342,80.08575289682784,0.5029025522577117,1.6050665586741943
BOND_304,3.0,2.25,5.5325557757681665,114,13.651223711545049,105.23988645458374,-0.47664446326401366,1.472710751692137
BOND_305,2.25,2.25,13.10537050422825,54,5.03968896917142,110.35636860067609,-0.6697532655921301,2.1406771944442013
BOND_306,2.0,2.75,14.356321460300741,118,6.326140959237896,59.9366522131073,1.555368314405169,0.8058377598658093
BOND_307,2.25,2.5,5.11833996466364,28,8.014050522716786,104.82721540538272,0.9919125808817384,0.6703228188491845
BOND_308,2.5,2.5,13.673988319553425,53,8.680409662896228,184.97703464071992,2.608192764478797,0.8371236025152247
BOND_309,2.25,3.0,14.964006900772247,50,14.043851598905949,183.98051981857327,2.8141124376648725,1.9080095877859506
BOND_310,2.75,2.5,12.167405332969775,120,22.49821688382756,53.688486575308644,2.592230317599727,0.7904892677687461
BOND_311,3.0,2.75,6.463126479708167,120,13.120676915458791,54.46846064014696,-0.6974656589123027,1.1456518275442011
BOND_312,2.5,3.25,9.519582464319164,21,17.543848961298252,139.09485158342898,0.137055284094592,2.25936143153059
BOND_313,2.75,2.5,6.098613087898796,98,5.516058047928015,80.72344646307639,-0.044770343271991475,0.7804579218253316
BOND_314,2.25,3.25,14.943457966952453,19,22.096909396227566,184.7766966857939,-0.7253472943027548,1.5563479909854665
BOND_315,3.0,2.0,1.9499453278644738,36,7.262689886660971,122.42813205289376,2.6730901559620754,1.512081808044613
BOND_316,2.5,3.0,13.50312455097514,104,10.685778337160524,98.8689511879169,2.579144230216293,0.5680923668264837
BOND_317,2.25,2.5,2.043673865394608,50,21.33471641140281,192.991537890142,0.5630686464124173,0.7308297685165177
BOND_318,2.5,2.5,1.5907695195364753,72,10.297550498136268,97.68921979590195,2.834839841098334,2.4007848487293706
BOND_319,2.0,2.0,14.159153231469649,116,10.159995670930188,98.12427959139073,1.2533825155930969,2.422051135613447
BOND_320,2.0,2.25,13.14194712437408,85,17.059721649271737,69.96457076575078,0.736126481303319,2.24931675790332
BOND_321,3.0,2.75,6.061864433959187,49,23.06490169670824,83.33780869174402,1.1986000853069316,1.3637209035916298
BOND_322,2.0,2.5,14.405450636451768,79,9.27298597608419,164.0736035152336,0.6882222601511772,1.6858828393520005
BOND_323,2.75,3.25,13.065996287290456,65,17.416365956842323,163.9618694730935,0.1675489072677414,2.148303387089127
BOND_324,2.25,2.0,13.627760260576599,61,17.00376197431729,107.98983142545322,-0.2755914284415262,1.8522891352484703
BOND_325,2.5,2.0,9.331616807620739,43,18.19045902671708,102.40626885368013,0.8425007326841447,2.2902652822771974
BOND_326,2.5,2.25,14.416599507046502,113,23.935382414413446,112.75919350542588,1.1231072547736733,1.131481732758388
BOND_327,3.25,3.25,12.334150908339565,22,8.31763622389889,95.12553271210042,2.2864868479872635,1.7483005714319129
BOND_328,2.0,3.25,14.159340046118858,92,18.08714652246648,141.16914844631702,0.8935140757240223,1.6340775754222405
BOND_329,2.5,2.5,4.941153095796497,10,8.647601241113907,175.48737024475756,2.317646807502518,2.4691898088259703
BOND_330,2.5,2.25,8.449365942662304,53,11.286024114668523,51.406041733471795,2.8186088038876513,2.2561543051414485
BOND_331,2.25,3.0,13.147279608081451,54,12.799230670926423,190.40106075571836,1.8859503821894217,0.8303819188719817
BOND_332,3.0,2.0,9.116206572133827,60,21.70781730823095,67.69300675613644,-0.5211421055974164,0.6177856894835887
BOND_333,3.25,2.75,12.215377040709258,98,6.074200599083892,184.95591852310235,0.8450612771493686,1.3928056918493965
BOND_334,2.5,2.0,14.623357546728265,51,19.67304916409217,85.033594955591,2.4268389194867925,1.5910318321266974
BOND_335,2.0,2.25,12.263879677588818,21,23.251840671741004,187.5548888067245,0.9665680209300254,2.0797323383623816
BOND_336,2.0,2.75,5.415034688563478,2,6.584836796277198,168.09966263655366,2.242910755849624,0.8194541602629781
BOND_337,3.25,2.75,2.6617914545989043,110,20.814600323361642,90.37539986769967,2.103578492121286,2.339855021816317
BOND_338,3.0,2.0,4.818455560937089,75,7.152844972887817,54.24144674911814,-0.3606208878350956,1.6431724828192205
BOND_339,2.5,2.75,10.27907570239288,64,24.25707296392513,157.37648119058758,0.3179531435909322,2.1854952131378305
BOND_340,2.5,2.5,1.1532210584075175,117,21.30729425796524,173.2644117263098,2.0556440274429764,2.172953708182642
BOND_341,2.5,2.0,3.656062179341669,57,18.899686803709542,151.9646133360772,-0.36328821482773455,2.4037289721485022
BOND_342,3.0,2.25,5.5766370320238385,42,16.001189406578703,107.24994613491292,0.6911588271227971,1.817470772059209
BOND_343,2.0,3.0,13.253149210794438,89,23.416349764626187,69.10882189615681,-0.45057445602528823,2.0676501955219933
BOND_344,2.5,2.25,1.7140580774242913,97,7.381425998257747,102.05730830763568,-0.05718365340228182,2.1410544855352738
BOND_345,3.25,2.5,1.699106237534275,60,7.435684270335305,90.28759521237919,0.1424841513815167,1.4362345676553283
BOND_346,2.5,3.0,8.724955677170342,118,21.4497902605741,158.4634562238067,1.1210608865121894,1.364559766644817
BOND_347,3.25,3.0,3.488727530879733,92,14.64639756491773,73.90413754995035,2.6476184654490913,2.393230739008027
BOND_348,3.25,3.25,4.391012522224659,52,21.90112776682731,172.93138788662498,0.5422308422020006,0.6339432911673366
BOND_349,2.75,2.25,3.579305413710868,109,12.813234450721023,141.79137732936428,2.399862590817135,2.405888393745455
BOND_350,2.25,2.0,9.142499926357017,32,14.037204382773814,122.38530065480042,1.7807107244008291,1.656966333067835
BOND_351,3.0,2.0,1.7776684944933734,95,11.641573392943465,104.03482108251951,2.1218147683195596,1.0893629506120837
BOND_352,2.25,3.0,14.160000400813807,24,24.014765237617546,126.12404902191722,2.048825055553296,1.6144055098546524
BOND_353,3.0,2.25,2.723937395779596,49,14.299000893761683,131.02233697165588,0.20847207642856125,1.7755828422985052
BOND_354,2.25,2.25,14.322337030269594,113,20.101941449388214,85.54773624363486,-0.05499810323733323,0.7215729393439771
BOND_355,2.75,2.0,11.893806426499687,46,18.91817631792376,198.31318435154245,2.910332947452857,1.8398490786863406
BOND_356,2.25,3.25,12.59222240716557,57,9.701738873041744,186.43214873127653,1.9513097672275306,2.3051578114979328
BOND_357,2.5,2.5,3.419315282798422,99,23.279647675022527,108.61969403883282,0.46311311249544085,2.4425896514374204
BOND_358,2.25,2.0,10.375059217364281,65,15.893641805712676,88.10323769867377,1.217529295724931,1.6995773092119848
BOND_359,2.25,2.0,12.439010118150389,78,22.116120946918763,96.05680678757719,2.1034876825466817,1.1540897042524272
BOND_360,2.0,2.5,8.812497560705339,12,21.64375766324192,197.0251704565861,-0.7769271697492579,1.626944963920372
BOND_361,3.0,2.0,8.715045910661505,41,6.173399297681696,111.05968298635165,-0.6038699346500191,0.5056951753823811
BOND_362,2.25,3.0,3.2317867110119636,14,17.39545589538237,186.78951503921147,-0.899682104634608,2.3384781507866856
BOND_363,3.25,3.0,6.799254994449927,5,20.77968934425704,58.853552736242285,-0.34373221916122443,2.069277986316044
BOND_364,2.5,3.0,3.107559441772869,84,23.129965449716703,166.51945240887375,-0.5225823420286564,0.8328789904211333
BOND_365,2.5,3.25,14.620008621943763,41,15.125913663273538,164.31889041443202,0.8522119112068145,1.718733665022831
BOND_366,3.0,3.0,10.587900120826438,89,20.014252881270693,147.64798989688703,0.14879791227387873,0.5412022930167371
BOND_367,2.75,3.25,1.6779069602320977,34,24.39260860271946,68.16773871106781,-0.8176417932048863,0.9320836119925573
BOND_368,3.0,3.0,7.674750787787337,108,21.55684854653186,197.2098915405865,0.7977752745487576,0.8400240584939322
BOND_369,2.5,2.25,9.931498100475125,81,22.08846332468135,81.91693457737833,1.314307034588913,0.8122997751478152
BOND_370,2.75,2.25,2.3389653316395678,5,13.145656399466265,156.4568120859684,0.48092106744027774,1.6042031645718051
BOND_371,2.75,2.5,10.309840054618288,77,6.833773428375574,162.72142957919436,0.04139610348835676,2.42885303716656
BOND_372,2.0,3.25,3.482273441495505,17,24.320571021136935,163.9878377503222,0.5618223605548915,0.7606742280025414
BOND_373,3.25,2.75,6.710311668042981,42,18.91637121637639,173.90075149727755,1.079592839719545,2.2456314545890903
BOND_374,2.25,3.0,9.757756773803846,19,8.423279820444012,198.36861212471874,0.7441109925986442,0.664514618283292
BOND_375,3.25,2.75,6.110757694750244,78,24.476643888625798,64.39851538004028,-0.6268979445492504,0.665683798037886
BOND_376,3.25,2.75,6.332378764357894,52,19.315721657507744,120.82837212872974,0.8273530010989467,1.7561549540711958
BOND_377,2.0,3.0,12.8106141967054,108,6.807366543319519,196.22608039023288,1.881332974533497,1.6490117348326516
BOND_378,2.25,2.0,5.329707783382108,47,8.416269270056183,182.3127970426686,2.2799881828317194,1.1884564415076109
BOND_379,2.0,2.5,10.172720534933498,26,22.30820777675231,198.59305747153968,0.7581535679922502,1.5667769771820252
BOND_380,2.75,3.25,12.888137243457734,87,24.076649785768108,137.36518336035581,2.9751725657660892,2.0098324358593214
BOND_381,2.25,2.75,3.137088559218558,75,12.296546220389315,150.92740471218485,2.3714331243382,2.0465894242979514
BOND_382,2.5,2.0,1.6429917060351307,0,13.26523775287809,89.57050313896721,-0.13845991529672652,0.5239697799021681
BOND_383,2.75,2.0,12.557476612929136,118,12.909090950628546,118.74952627900912,0.8270804510108838,0.6561664556397497
BOND_384,3.0,3.0,8.71583108280857,13,21.7071239055258,53.14232054808659,0.18185592177998133,0.5068610653131997
BOND_385,2.75,2.5,12.587818184654791,117,14.065122727519057,157.9581193889594,1.200959606735866,0.5312831483186464
BOND_386,2.5,3.0,3.982498875861337,31,12.505144354074764,188.8816065778384,-0.10352436434322021,2.1792772880149918
BOND_387,2.0,2.5,12.656851120857398,66,17.437372544715387,66.82239317983242,-0.859082797251276,0.6671057464842791
BOND_388,2.25,3.0,2.334345794807189,9,14.810659206519807,118.15668880944891,2.6175272593553625,1.9220124296949712
BOND_389,2.0,2.5,13.36484247807443,25,15.668468900265948,143.47510214882988,1.0790429648435236,2.4600656560803675
BOND_390,3.25,2.25,12.515471280401012,94,13.14026332297316,144.826735190767,2.6598487113046017,2.141818975911264
BOND_391,2.0,2.0,8.942686261252106,73,14.21028384975477,95.97974936978707,-0.5273937468369034,0.6327915924076162
BOND_392,2.25,3.25,9.5167585019874,64,5.719506650538979,52.967698950246664,-0.394069704547126,2.2877585386404156
BOND_393,2.0,2.0,5.841818754613639,49,23.5156464287222,183.17228169275253,-0.09406375461937433,2.416336138319971
BOND_394,3.25,2.0,3.8226261610417986,48,5.611455172343192,63.7665597464023,0.8284758138204249,1.9127459199236125
BOND_395,2.5,2.5,7.376133291008975,31,20.45624801423691,76.65196050053541,2.5200083761754533,1.7326215451213671
BOND_396,3.25,2.0,10.204329607074344,82,10.965374645276395,194.4180901627051,1.6016476414494947,1.7035913933368416
BOND_397,3.0,2.25,14.97850803852528,64,7.245085746532949,125.05599048966246,-0.7799809776967845,2.1405046301220843
BOND_398,2.25,2.25,12.44154292262716,25,17.193884060550936,181.10553974992578,0.6287819016350027,1.606904014022723
BOND_399,2.0,2.75,7.080309713245327,68,19.13903266615817,184.54183313925643,1.8930183056545182,1.167557139514565
BOND_400,2.25,2.0,11.405469940067942,25,17.60403273127973,198.41649295241234,0.28954542788394644,2.4408694157523305
BOND_401,3.25,3.0,2.512665037643881,101,16.521675042504853,56.10520890881992,0.9702463546673954,0.5969163035815039
BOND_402,2.0,3.0,6.810504657364225,64,15.723730890903258,57.950028787623474,1.8457228196403652,1.8306964718774248
BOND_403,2.5,3.0,6.9489441485985814,93,15.821174428620857,78.60831241655791,2.8599404416673386,1.6712534462083672
BOND_404,2.75,3.25,14.983533356985369,112,22.308421908007034,148.45974514506264,0.3328538555537035,1.778299363547955
BOND_405,3.0,2.25,6.4742094951976785,11,6.803073047025423,89.294885200206,1.9775098396152861,1.7844134982452262
BOND_406,3.0,2.75,2.1659424405967043,99,8.147374957407557,124.3437486549734,1.9896128895100653,0.7470582248202362
BOND_407,2.25,3.25,1.941191319822945,35,21.253019676136677,167.95361991346408,1.170808975743053,0.7670228140832815
BOND_408,3.0,2.75,10.777381389040839,23,11.060798674975514,77.86877009980128,2.2534582097334916,0.6347444655178016
BOND_409,2.0,2.25,5.047303254349735,41,20.431202640811907,92.88268423075627,1.1444654159007812,2.376765508724886
BOND_410,3.25,2.75,13.16478826720041,54,12.053918899413373,159.12884598118853,1.4999961707944438,1.719807287468929
BOND_411,2.5,3.0,7.761267711150692,54,23.50820233684074,51.15288081427747,2.3488883104280553,0.6542186392970415
BOND_412,3.25,3.0,5.625213384457009,88,10.626673421966865,163.60706539542045,0.9050622895284537,1.3673148565820408
BOND_413,2.5,2.25,11.627602996554197,7,13.537927429419554,151.44172471794835,0.9118217242341595,1.2186458651401835
BOND_414,3.25,3.0,6.845455160689654,75,8.176829569027184,69.43791006903834,1.3641561087673613,0.7964072643084577
BOND_415,2.25,2.5,11.323366584663445,60,18.333690627217617,86.57872588134097,2.2167784233575274,2.1440360311761477
BOND_416,2.0,3.0,10.997287034250384,26,13.057622084414206,52.31064701291947,-0.49125546714912094,2.0512122890628124
BOND_417,3.0,2.0,11.124960145179216,75,23.82408363521241,137.21198691659862,2.0848679652180193,1.4281490156687822
BOND_418,2.0,2.25,12.999706212016196,62,5.314960103648401,109.56400363189476,0.17903643174241735,1.544935545730043
BOND_419,3.0,2.25,12.877591565036933,31,12.753027600136544,113.51497486928767,-0.715867020122753,1.37286158550729
BOND_420,2.0,2.75,10.30451550512341,59,5.472592302179429,65.47774136258533,2.1687023187576364,1.6020399423170104
BOND_421,3.0,2.75,14.397466207052386,34,11.580830539210972,102.84638611844639,-0.4194272636059626,1.9651268180891326
BOND_422,3.0,2.75,1.2901848458524443,15,12.604904803980716,187.84973236809,-0.14694973288331603,2.2519406860836595
BOND_423,2.5,2.0,14.025920753111244,35,10.162727917431067,59.71044740011783,1.824671246968835,1.6846398150562687
BOND_424,2.75,3.0,3.075547884667727,55,10.110622285573648,196.24371887840974,1.2580908935873336,0.7515944709460867
BOND_425,2.75,2.25,3.963002961682353,29,10.201190444855062,177.20144582273568,2.6819850746607132,2.044110830143431
BOND_426,3.25,3.0,12.443586686250395,100,10.32513087971812,80.44848349035237,2.817338125495701,1.244557762482291
BOND_427,2.25,2.75,6.606096757465185,31,10.645723278624217,155.8132848508649,0.2558463573728358,1.7597557243593025
BOND_428,3.25,2.25,6.9543461911870335,78,22.025958710977736,63.64198399899587,0.2967897682138565,0.8971780915710275
BOND_429,2.75,2.75,4.65717745552642,20,5.7810810684814085,73.94985914335301,-0.16103293011594344,0.8268185163667425
BOND_430,2.25,3.25,4.142176728816165,55,24.778195958041685,123.19417881757147,1.0704662402366578,0.6053482557641992
BOND_431,2.5,2.0,2.4873663675499813,39,10.630463321576563,110.06841011044034,0.5119505768681649,1.1289112705293918
BOND_432,2.25,2.25,3.7547970864766484,92,5.558923112424042,172.25430863309384,-0.9413887024726075,1.6942876791952428
BOND_433,2.75,2.75,8.934448864255662,53,8.503183403126386,190.88824523324524,0.5798211045311605,1.137550792233476
BOND_434,3.0,2.75,10.892524351137645,29,23.837325455397817,191.422310953444,-0.7531932756946285,0.9817589545656376
BOND_435,2.25,3.25,11.343749868320103,88,24.950469549140763,72.0504364522633,2.1961761374967543,2.4897312621877905
BOND_436,2.75,2.75,6.181724737560589,19,9.935061359708532,152.93421211846515,2.715572251218803,2.497683414192382
BOND_437,2.75,2.0,13.907366868439926,73,9.508985368128304,135.61803999366427,0.18329534435633654,1.7098954616188704
BOND_438,3.0,3.0,5.602192793060681,94,21.721805227344287,105.53454811783598,1.6028529225998684,1.1471823093939297
BOND_439,2.0,3.0,2.5559130075788143,0,23.28423829392954,199.2242768214278,-0.6459161537878195,2.2232577247710656
BOND_440,2.75,3.0,14.233118766169802,73,18.007222952956646,118.40677087094636,0.4540954647116906,1.9735800707778433
BOND_441,2.5,2.0,8.56947997746901,17,23.716406301677072,149.79970160285183,1.3036523359602468,1.731876551876891
BOND_442,3.25,3.25,14.599267109620705,112,24.00024957745972,125.42625566467,-0.5833094520295705,2.31650881056987
BOND_443,3.0,3.0,6.511331744563501,99,20.193765102702294,65.43559056062192,0.5085595913202021,1.3906247485962109
BOND_444,2.0,3.0,11.603505967638498,56,11.974166687196078,71.16503550776059,2.820964733240919,1.0109126320952566
BOND_445,3.0,2.0,2.5391141742840126,58,7.989193449939423,162.5214891190696,-0.3356690825416182,2.434089978019669
BOND_446,3.25,2.25,12.957107842305042,117,15.353451986736616,170.25257890912096,1.480918260935797,2.220488739860412
BOND_447,2.25,2.75,3.3897972763158193,12,10.792201863970083,104.57271712476071,2.3333912100989873,2.3241303207153505
BOND_448,2.75,2.75,1.9615070207098662,31,7.370036628814594,60.04387267495605,2.0846834832099765,2.336412471683353
BOND_449,2.75,2.0,2.3685458045442984,85,12.879929018985127,193.55081391658933,2.085527683815692,1.2652258601225324
BOND_450,3.0,3.0,8.8032583002688,69,14.595314879365324,124.56085952953403,-0.7635093807700977,2.221615953863187
BOND_451,2.25,3.25,5.086229567873443,32,18.239723038414787,70.1222487457857,2.894407159710105,2.2785588362561313
BOND_452,3.25,2.5,14.453360523057999,64,9.422787471904838,79.76897127175639,1.9085778495019792,1.5951725896423634
BOND_453,3.0,3.0,12.937472293768801,2,22.36987370756457,56.804027789413894,2.8173637257227537,1.7505154313765323
BOND_454,2.5,2.5,12.246308469581539,4,8.708835684385853,156.47838247328838,2.9170351377706414,1.6549925682586355
BOND_455,2.75,2.75,12.334938527663683,113,24.944595234936706,155.61411373825172,0.42801126322630134,0.5320549154613294
BOND_456,2.75,3.25,13.469482588983368,90,16.137583039124788,140.37566044019576,1.1735294298317749,1.5710657101645369
BOND_457,2.5,2.0,13.112941539389185,11,7.936847240578022,131.94504241435106,1.917861048944141,0.575673463127115
BOND_458,2.0,3.25,13.994905883483057,32,21.687873141637198,107.22363330004549,2.3963351486975535,1.402147649598852
BOND_459,3.25,3.0,14.081128521743851,104,10.074623487801333,192.59503845223168,2.8837898711393617,0.5913721428837562
BOND_460,2.75,2.0,5.176498557812591,26,8.766260450895405,170.07818465385384,2.8978241076480895,1.410715168818301
BOND_461,3.25,3.0,4.07389837631247,112,7.695855422424005,186.1432598262258,0.3110159469190181,1.109497890901056
BOND_462,3.0,3.0,10.003373836130685,12,16.01789572908649,96.74889408443508,1.7219125547475298,2.047850262895807
BOND_463,2.0,3.25,2.72663700895553,109,22.586529711853466,196.74255311715967,-0.4122692509899224,1.4582022054899721
BOND_464,2.0,3.0,3.9560315922554197,74,22.94220209864244,74.80254477506494,2.242096966134389,1.5241897750350364
BOND_465,3.0,2.5,11.821393412931428,74,20.71237168662607,58.4408799186615,-0.3619956744279258,2.307371875058866
BOND_466,3.25,2.0,10.090695988613723,35,16.628945172123863,97.976068719244,2.562721261064917,1.464597158212625
BOND_467,2.5,2.75,10.111927374036423,104,15.597673810546928,80.19303687398971,2.9163997972732134,0.8127432845716598
BOND_468,2.0,2.25,14.308938946603536,57,12.475434864332923,127.62852862160335,-0.6546067518778829,0.7251548590972836
BOND_469,2.75,2.5,10.346742459218982,63,5.881327973301822,102.5298896179541,1.0494363379808744,1.1116442497328478
BOND_470,2.25,2.75,7.031300070535533,49,21.73177715633564,75.76191671955712,0.05892692379491349,1.0307540113785667
BOND_471,2.0,2.0,4.9246540766570295,50,24.989444829587043,176.63874777443394,0.880137169845085,2.1369905580475628
BOND_472,2.5,2.25,5.739775351556201,3,23.416940045238384,126.19557817524897,0.17509876530268942,2.017767604556485
BOND_473,3.0,2.25,4.889388775771419,43,23.660771054927192,66.42949075607342,-0.7374114076891884,0.617247591578983
BOND_474,2.75,2.0,1.4898329111299533,17,11.664460670111556,61.29996853396108,0.5765156964619367,0.901998875558726
BOND_475,2.25,2.5,4.662036311958224,17,6.986116776455209,107.4770676663826,-0.1817210739919246,1.3976509654142601
BOND_476,2.0,3.25,12.69518095146853,91,22.43166368286779,186.1974363828525,1.1971587128509737,0.6743966269618906
BOND_477,2.5,3.25,11.195205898882195,5,20.276197501681718,126.19998493927527,1.7222261832230732,0.8324355438544746
BOND_478,2.25,3.0,9.705735484426816,58,12.807481212331819,70.87030864930051,0.6212285624790681,2.3168905253113206
BOND_479,2.25,3.0,13.6308751261754,62,21.671551147357746,86.9948414035063,-0.18544011199806043,1.582393121375914
BOND_480,2.75,3.0,4.697750588808296,42,7.774713503923967,57.4219829026032,-0.23318040128035333,2.0932911773943284
BOND_481,2.75,2.75,9.087582171029759,68,18.02168379822789,174.7760426763516,-0.9904515789619008,1.161097426656782
BOND_482,2.0,2.0,1.4385699410407444,111,24.067677713383425,191.90784080933128,1.8095401727565146,1.2495794536329052
BOND_483,2.0,2.5,13.488091636459618,74,23.20836663142735,61.67207125497613,0.012504508210390952,2.2167048906180638
BOND_484,2.25,3.25,7.268317246123023,68,20.216994983268734,75.94714847076074,2.882959222605191,1.8143617326888868
BOND_485,2.5,2.0,3.4902000190373066,8,10.331655736117007,75.66033546187028,1.9882286686777042,1.8567627602766181
BOND_486,2.25,3.25,4.350432647873616,22,7.051273832950587,170.55593063349656,0.18151385283561394,1.7778814386375885
BOND_487,3.25,2.25,12.875347096615066,10,11.494722253424396,175.890845228425,-0.3642170224328436,1.582268225297223
BOND_488,2.5,2.75,2.523286286168975,60,17.34706877564855,112.89105331858858,1.4973755578258774,2.482258570335132
BOND_489,2.75,2.5,13.952838416392874,78,11.330118123690811,195.39954722770355,2.4582305299494798,2.2884179540863085
BOND_490,2.5,2.25,6.228477181080963,88,13.26228716610924,88.92151386119052,1.3372910888869867,1.9218065989731579
BOND_491,2.5,3.0,4.515193708072915,16,13.072125528620465,128.7680319920085,-0.956103381375959,1.8563149063757325
BOND_492,2.75,3.25,5.646021712427465,49,11.716534537761493,199.4432719202459,2.1451866555746735,0.6685296096472657
BOND_493,3.0,3.0,6.72576507750008,52,23.46903153211915,174.06557550779718,2.8568913668923277,1.470367670807798
BOND_494,3.25,3.0,8.673583804628446,89,11.399051452585711,123.07769938585052,-0.8101118598961938,1.4920138231195594
BOND_495,2.25,2.0,9.215304920055868,13,24.87054554432994,66.27884031186898,2.2365215751643652,0.603878450322892
BOND_496,2.0,2.25,7.269469851209175,38,9.186682705402156,185.65280420343936,1.8759809288032194,2.011202863973615
BOND_497,2.5,2.5,7.2490947106176185,119,22.452500243498605,131.3188721153552,0.5899846013783123,0.5039327652582681
BOND_498,2.0,2.25,4.9941970013101535,54,19.646742766583692,96.25211884259349,1.5362848003679983,1.350417932011853
BOND_499,3.25,2.5,6.373336636406879,111,18.37610140854215,117.68281491922511,-0.36477910275803316,2.3065023411494776
BOND_500,2.0,2.75,7.5399367286324495,8,13.906964701757232,96.6392334128345,1.8803801541157465,1.1807175838212407
